{"cameraMode":{"drawMode":0,"name":"Shaded","section":"Shading Mode"},"sceneLighting":false,"audioPlay":false,"sceneViewState":{"showFog":true,"showMaterialUpdate":true,"showSkybox":false,"showFlares":true,"showImageEffects":true,"showParticleSystems":true},"in2DMode":false,"pivot":{"x":-0.5249999761581421,"y":-0.18299996852874757,"z":2.484750270843506},"rotation":{"x":0.11108333617448807,"y":0.34339722990989687,"z":0.03964892402291298,"w":-0.9319637417793274},"size":0.2814249098300934,"orthographic":false}