{"cameraMode":{"drawMode":0,"name":"Shaded","section":"Shading Mode"},"sceneLighting":true,"audioPlay":false,"sceneViewState":{"showFog":true,"showMaterialUpdate":true,"showSkybox":true,"showFlares":true,"showImageEffects":true,"showParticleSystems":true},"in2DMode":false,"pivot":{"x":7.108695030212402,"y":-3.8627681732177736,"z":-2.347532272338867},"rotation":{"x":0.22000989317893983,"y":0.6166723966598511,"z":-0.18250317871570588,"w":0.733863115310669},"size":11.656454086303711,"orthographic":false}