{"cameraMode":{"drawMode":0,"name":"Shaded","section":"Shading Mode"},"sceneLighting":false,"audioPlay":false,"sceneViewState":{"showFog":true,"showMaterialUpdate":true,"showSkybox":false,"showFlares":true,"showImageEffects":true,"showParticleSystems":true},"in2DMode":false,"pivot":{"x":0.9555355310440064,"y":-0.08579564094543457,"z":2.982689380645752},"rotation":{"x":0.13118185102939607,"y":0.05851546674966812,"z":0.006528402213007212,"w":-0.9898070693016052},"size":0.31176918745040896,"orthographic":false}