{"cameraMode":{"drawMode":0,"name":"Shaded","section":"Shading Mode"},"sceneLighting":false,"audioPlay":false,"sceneViewState":{"showFog":true,"showMaterialUpdate":true,"showSkybox":false,"showFlares":true,"showImageEffects":true,"showParticleSystems":true},"in2DMode":false,"pivot":{"x":0.05877511948347092,"y":-0.24256585538387299,"z":2.898749828338623},"rotation":{"x":-0.3016124963760376,"y":-0.22639599442481996,"z":0.07240967452526093,"w":-0.9235734939575195},"size":0.20784609019756318,"orthographic":false}